Phonemes,Cached_ms,Uncached_ms,Speedup_X
10,1.011200,3.768100,3.726365
50,1.068000,39.466700,36.953839
100,1.071300,51.646100,48.208812
200,1.156700,119.956000,103.705369
