Scenario,URCM_MB,Transformer_MB,Efficiency_X
Short,0.003517,146.516602,41657.752711
Medium,0.007820,146.654297,18753.436098
Long,0.022835,147.134766,6443.450718
                                                   